"","Year","Region","Population","phos.cwt","pnob.cwt","pni.cwt","phos.thermal","pnob.thermal","pni.thermal"
"1",2016,"SBC","Shovelnose Creek",NA,NA,NA,NA,NA,NA
"2",2017,"SBC","Shovelnose Creek",NA,NA,NA,NA,NA,NA
"3",2018,"SBC","Shovelnose Creek",0.36,0.64,0.64,NA,NA,NA
"4",1987,"SBC","Shuswap River - middle",0.23,0.77,0.77,NA,NA,NA
"5",1988,"SBC","Shuswap River - middle",0.12,0.88,0.88,NA,NA,NA
"6",1989,"SBC","Shuswap River - middle",0.52,0.48,0.48,NA,NA,NA
"7",1990,"SBC","Shuswap River - middle",0.53,0.47,0.47,NA,NA,NA
"8",1991,"SBC","Shuswap River - middle",0.66,0.34,0.34,NA,NA,NA
"9",1992,"SBC","Shuswap River - middle",0.49,0.51,0.51,NA,NA,NA
"10",1993,"SBC","Shuswap River - middle",0.54,0.46,0.46,NA,NA,NA
"11",1994,"SBC","Shuswap River - middle",0.49,0.51,0.51,NA,NA,NA
"12",1995,"SBC","Shuswap River - middle",0.77,0.23,0.23,NA,NA,NA
"13",1996,"SBC","Shuswap River - middle",1,0,0,NA,NA,NA
"14",1997,"SBC","Shuswap River - middle",0.82,0.18,0.18,NA,NA,NA
"15",1998,"SBC","Shuswap River - middle",0.36,0.64,0.64,NA,NA,NA
"16",1999,"SBC","Shuswap River - middle",0.74,0.26,0.26,NA,NA,NA
"17",2000,"SBC","Shuswap River - middle",0.78,0.22,0.22,NA,NA,NA
"18",2001,"SBC","Shuswap River - middle",0.91,0.09,0.09,NA,NA,NA
"19",2002,"SBC","Shuswap River - middle",0.83,0.17,0.17,NA,NA,NA
"20",2003,"SBC","Shuswap River - middle",0.56,0.44,0.44,NA,NA,NA
"21",2010,"SBC","Cheakamus River",0.17,0,0,NA,NA,NA
"22",2016,"SBC","Cheakamus River",1,0,0,NA,NA,NA
"23",1991,"SBC","Chemainus River - fall",1,0,0,NA,NA,NA
"24",1991,"SBC","Mamquam River",0.76,0,0,NA,NA,NA
"25",2004,"SBC","Shuswap River - middle",0.79,0.21,0.21,NA,NA,NA
"26",2005,"SBC","Shuswap River - middle",0.66,0.34,0.34,NA,NA,NA
"27",2002,"SBC","Nanaimo River - summer",0.99,0.01,0.01,NA,NA,NA
"28",1994,"SBC","Chemainus River - fall",0.95,0.05,0.05,NA,NA,NA
"29",1992,"SBC","Chemainus River - fall",0.92,0.08,0.08,NA,NA,NA
"30",2006,"SBC","Shuswap River - middle",0.02,0.98,0.98,NA,NA,NA
"31",2000,"SBC","Maria Slough",0.89,0.1,0.101010101,NA,NA,NA
"32",2009,"SBC","Shuswap River - middle",0.01,0.99,0.99,NA,NA,NA
"33",2010,"SBC","Shuswap River - middle",0.01,0.99,0.99,NA,NA,NA
"34",1990,"SBC","Cheakamus River",0.57,0.1,0.149253731,NA,NA,NA
"35",1992,"SBC","Mamquam River",0.85,0.15,0.15,NA,NA,NA
"36",2011,"SBC","Shuswap River - middle",0.14,0.86,0.86,NA,NA,NA
"37",2012,"SBC","Shuswap River - middle",0.57,0.43,0.43,NA,NA,NA
"38",1994,"SBC","Nanaimo River - fall",0.76,0.17,0.182795699,NA,NA,NA
"39",1983,"SBC","Nanaimo River - fall",0.81,0.19,0.19,NA,NA,NA
"40",1995,"SBC","Chemainus River - fall",0.8,0.2,0.2,NA,NA,NA
"41",1999,"SBC","Coldwater River",0.79,0.21,0.21,NA,NA,NA
"42",2013,"SBC","Shuswap River - middle",0.44,0.56,0.56,NA,NA,NA
"43",1995,"Other","Salloomt River",0.78,0.22,0.22,NA,NA,NA
"44",2014,"SBC","Shuswap River - middle",0.23,0.77,0.77,NA,NA,NA
"45",2015,"SBC","Shuswap River - middle",0.16,0.84,0.84,NA,NA,NA
"46",2016,"SBC","Shuswap River - middle",0.45,0.55,0.55,NA,NA,NA
"47",1991,"SBC","Nanaimo River - fall",0.69,0.21,0.233333333,NA,NA,NA
"48",1991,"SBC","Nicola River",0.76,0.24,0.24,NA,NA,NA
"49",2017,"SBC","Shuswap River - middle",0.36,0.64,0.64,NA,NA,NA
"50",1991,"SBC","Cheakamus River",0.73,0.27,0.27,NA,NA,NA
"51",1990,"SBC","Mamquam River",0.73,0.27,0.27,NA,NA,NA
"52",2003,"SBC","Nanaimo River - summer",0.73,0.27,0.27,NA,NA,NA
"53",1996,"Other","Salloomt River",0.73,0.27,0.27,NA,NA,NA
"54",1997,"SBC","Nanaimo River - fall",0.55,0.25,0.3125,NA,NA,NA
"55",2002,"SBC","Coldwater River",0.68,0.32,0.32,NA,NA,NA
"56",2018,"SBC","Mamquam River",0.68,0.32,0.32,NA,NA,NA
"57",2003,"SBC","Nanaimo River - fall",0.65,0.32,0.329896907,NA,NA,NA
"58",1999,"SBC","Nicola River",0.54,0.27,0.333333333,NA,NA,NA
"59",2018,"SBC","Shuswap River - middle",0.05,0.95,0.95,NA,NA,NA
"60",1998,"SBC","Nanaimo River - fall",0.55,0.3,0.352941176,NA,NA,NA
"61",1993,"SBC","Nanaimo River - fall",0.5,0.28,0.358974359,NA,NA,NA
"62",1993,"SBC","Coldwater River",0.64,0.36,0.36,NA,NA,NA
"63",2018,"SBC","Ashlu Creek",0.62,0.38,0.38,NA,NA,NA
"64",1994,"SBC","Nicola River",0.61,0.41,0.401960784,NA,NA,NA
"65",2009,"SBC","Cheakamus River",0.58,0.42,0.42,NA,NA,NA
"66",1992,"SBC","Nanaimo River - fall",0.55,0.4,0.421052632,NA,NA,NA
"67",1989,"SBC","Cheakamus River",0.38,0.28,0.424242424,NA,NA,NA
"68",2002,"SBC","Nanaimo River - fall",0.59,0.44,0.427184466,NA,NA,NA
"69",2009,"Other","Bulkley River - upper (spring)",0.57,0.43,0.43,NA,NA,NA
"70",2017,"SBC","Cheakamus River",0.56,0.44,0.44,NA,NA,NA
"71",1995,"SBC","Nanaimo River - fall",0.57,0.46,0.446601942,NA,NA,NA
"72",2018,"SBC","Cheakamus River",0.55,0.45,0.45,NA,NA,NA
"73",2003,"SBC","Maria Slough",1,0.82,0.450549451,NA,NA,NA
"74",1983,"SBC","Cheakamus River",0.54,0.46,0.46,NA,NA,NA
"75",1992,"SBC","Cheakamus River",0.64,0.55,0.462184874,NA,NA,NA
"76",2013,"SBC","Sooke River",NA,NA,NA,NA,NA,NA
"77",2017,"SBC","Nicola River",0.51,0.48,0.484848485,NA,NA,NA
"78",1995,"Other","Bulkley River - upper (spring)",0.49,0.5,0.505050505,NA,NA,NA
"79",1995,"SBC","Nicola River",0.56,0.62,0.525423729,NA,NA,NA
"80",1992,"SBC","Ashlu Creek",0.55,0.64,0.537815126,NA,NA,NA
"81",1993,"Other","Bulkley River - upper (spring)",0.46,0.54,0.54,NA,NA,NA
"82",1999,"SBC","Nanaimo River - fall",0.42,0.51,0.548387097,NA,NA,NA
"83",2002,"SBC","Maria Slough",0.54,0.66,0.55,NA,NA,NA
"84",1997,"Other","Bulkley River - upper (spring)",0.45,0.55,0.55,NA,NA,NA
"85",1993,"SBC","Nicola River",0.47,0.58,0.552380952,NA,NA,NA
"86",2001,"SBC","Nicola River",0.34,0.42,0.552631579,NA,NA,NA
"87",1994,"Other","Bulkley River - upper (spring)",0.44,0.56,0.56,NA,NA,NA
"88",1999,"SBC","Salmon River (TOMF)",0.44,0.56,0.56,NA,NA,NA
"89",2002,"SBC","Salmon River (TOMF)",0.44,0.56,0.56,NA,NA,NA
"90",2018,"SBC","Sooke River",NA,NA,NA,NA,NA,NA
"91",2003,"Other","Bulkley River - upper (spring)",0.43,0.57,0.57,NA,NA,NA
"92",2003,"SBC","Coldwater River",0.43,0.57,0.57,NA,NA,NA
"93",2000,"SBC","Nanaimo River - summer",0.43,0.57,0.57,NA,NA,NA
"94",2001,"SBC","Salmon River (TOMF)",0.41,0.59,0.59,NA,NA,NA
"95",2000,"SBC","Nicola River",0.33,0.49,0.597560976,NA,NA,NA
"96",1996,"Other","Bulkley River - upper (spring)",0.38,0.62,0.62,NA,NA,NA
"97",2002,"Other","Bulkley River - upper (spring)",0.38,0.62,0.62,NA,NA,NA
"98",1988,"SBC","Salmon River (TOMF)",0.38,0.62,0.62,NA,NA,NA
"99",1998,"SBC","Nicola River",0.18,0.3,0.625,NA,NA,NA
"100",1999,"Other","Bulkley River - upper (spring)",0.37,0.63,0.63,NA,NA,NA
"101",2009,"SBC","Salmon River (TOMF)",0.37,0.63,0.63,NA,NA,NA
"102",2010,"SBC","Nicola River",0.41,0.7,0.630630631,NA,NA,NA
"103",2001,"SBC","Maria Slough",0.41,0.72,0.637168142,NA,NA,NA
"104",1998,"Other","Bulkley River - upper (spring)",0.38,0.67,0.638095238,NA,NA,NA
"105",2018,"SBC","Nicola River",0.39,0.69,0.638888889,NA,NA,NA
"106",2016,"SBC","Nicola River",0.36,0.64,0.64,NA,NA,NA
"107",1987,"SBC","Spius Creek",0,1,1,NA,NA,NA
"108",1988,"SBC","Spius Creek",0,1,1,NA,NA,NA
"109",1989,"SBC","Spius Creek",0.04,0.8,0.952380952,NA,NA,NA
"110",2013,"SBC","Nicola River",0.39,0.72,0.648648649,NA,NA,NA
"111",1994,"SBC","Coldwater River",0.35,0.65,0.65,NA,NA,NA
"112",2004,"SBC","Salmon River (TOMF)",0.35,0.65,0.65,NA,NA,NA
"113",1987,"SBC","Cheakamus River",0.25,0.49,0.662162162,NA,NA,NA
"114",1988,"SBC","Cheakamus River",0.29,0.59,0.670454545,NA,NA,NA
"115",1989,"SBC","Nicola River",0.2,0.42,0.677419355,NA,NA,NA
"116",2003,"SBC","Salmon River (TOMF)",0.32,0.68,0.68,NA,NA,NA
"117",2012,"SBC","Salmon River (TOMF)",0.3,0.69,0.696969697,NA,NA,NA
"118",2000,"Other","Bulkley River - upper (spring)",0.3,0.7,0.7,NA,NA,NA
"119",1990,"SBC","Spius Creek",0.47,0.53,0.53,NA,NA,NA
"120",1992,"SBC","Salmon River (TOMF)",0.29,0.71,0.71,NA,NA,NA
"121",2010,"SBC","Salmon River (TOMF)",0.29,0.71,0.71,NA,NA,NA
"122",2002,"SBC","Nicola River",0.25,0.64,0.719101124,NA,NA,NA
"123",1991,"SBC","Ashlu Creek",0.28,0.72,0.72,NA,NA,NA
"124",2006,"SBC","Salmon River (TOMF)",0.28,0.72,0.72,NA,NA,NA
"125",1991,"SBC","Spius Creek",0.14,0.86,0.86,NA,NA,NA
"126",2005,"SBC","Nanaimo River - fall",0.26,0.69,0.726315789,NA,NA,NA
"127",2008,"SBC","Nicola River",0.17,0.46,0.73015873,NA,NA,NA
"128",1982,"SBC","Nanaimo River - fall",0.33,0.93,0.738095238,NA,NA,NA
"129",1996,"SBC","Nanaimo River - fall",0.25,0.72,0.742268041,NA,NA,NA
"130",2000,"SBC","Nanaimo River - fall",0.24,0.7,0.744680851,NA,NA,NA
"131",2011,"SBC","Nicola River",0.19,0.56,0.746666667,NA,NA,NA
"132",1990,"SBC","Coldwater River",0.25,0.75,0.75,NA,NA,NA
"133",1998,"SBC","Coldwater River",0.25,0.75,0.75,NA,NA,NA
"134",1992,"SBC","Spius Creek",0.07,0.93,0.93,NA,NA,NA
"135",1991,"Other","Bulkley River - upper (spring)",0.24,0.76,0.76,NA,NA,NA
"136",1995,"SBC","Coldwater River",0.24,0.76,0.76,NA,NA,NA
"137",1982,"SBC","Nanaimo River - summer",0.24,0.76,0.76,NA,NA,NA
"138",2001,"Other","Bulkley River - upper (spring)",0.23,0.77,0.77,NA,NA,NA
"139",1993,"SBC","Spius Creek",0.28,0.72,0.72,NA,NA,NA
"140",1995,"SBC","Spius Creek",0.07,0.93,0.93,NA,NA,NA
"141",1990,"SBC","Ashlu Creek",0.18,0.62,0.775,NA,NA,NA
"142",2011,"SBC","Cheakamus River",0.19,0.66,0.776470588,NA,NA,NA
"143",2003,"SBC","Nicola River",0.22,0.77,0.777777778,NA,NA,NA
"144",2017,"SBC","Mamquam River",0.22,0.78,0.78,NA,NA,NA
"145",2015,"SBC","Nicola River",0.27,0.96,0.780487805,NA,NA,NA
"146",2005,"SBC","Nicola River",0.13,0.48,0.786885246,NA,NA,NA
"147",2001,"SBC","Nanaimo River - fall",0.23,0.86,0.788990826,NA,NA,NA
"148",1987,"SBC","Salmon River (TOMF)",0.21,0.79,0.79,NA,NA,NA
"149",2000,"SBC","Salmon River (TOMF)",0.21,0.79,0.79,NA,NA,NA
"150",2009,"SBC","Nicola River",0.17,0.65,0.792682927,NA,NA,NA
"151",1985,"SBC","Cheakamus River",0.17,0.68,0.8,NA,NA,NA
"152",2005,"Other","Bulkley River - upper (spring)",0.2,0.8,0.8,NA,NA,NA
"153",1986,"SBC","Cheakamus River",0.17,0.69,0.802325581,NA,NA,NA
"154",1987,"SBC","Nicola River",0.19,0.81,0.81,NA,NA,NA
"155",2005,"SBC","Salmon River (TOMF)",0.19,0.81,0.81,NA,NA,NA
"156",1992,"Other","Bulkley River - upper (spring)",0.18,0.82,0.82,NA,NA,NA
"157",1993,"SBC","Salmon River (TOMF)",0.18,0.82,0.82,NA,NA,NA
"158",1998,"SBC","Nanaimo River - summer",0.17,0.83,0.83,NA,NA,NA
"159",1999,"SBC","Nanaimo River - summer",0.17,0.83,0.83,NA,NA,NA
"160",1989,"SBC","Salmon River (TOMF)",0.17,0.83,0.83,NA,NA,NA
"161",1988,"SBC","Nicola River",0.15,0.77,0.836956522,NA,NA,NA
"162",1992,"SBC","Nicola River",0.13,0.68,0.839506173,NA,NA,NA
"163",1996,"SBC","Spius Creek",0.06,0.94,0.94,NA,NA,NA
"164",1995,"SBC","Salmon River (TOMF)",0.15,0.85,0.85,NA,NA,NA
"165",1990,"SBC","Nanaimo River - fall",0.13,0.74,0.850574713,NA,NA,NA
"166",2006,"SBC","Nicola River",0.12,0.72,0.857142857,NA,NA,NA
"167",1986,"SBC","Salmon River (TOMF)",0.14,0.86,0.86,NA,NA,NA
"168",1998,"SBC","Spius Creek",0.13,0.87,0.87,NA,NA,NA
"169",1999,"SBC","Spius Creek",0.88,0.12,0.12,NA,NA,NA
"170",2010,"Other","Bulkley River - upper (spring)",0.13,0.87,0.87,NA,NA,NA
"171",1985,"SBC","Nanaimo River - fall",0.13,0.87,0.87,NA,NA,NA
"172",2001,"SBC","Nanaimo River - summer",0.13,0.87,0.87,NA,NA,NA
"173",1990,"SBC","Salmon River (TOMF)",0.13,0.87,0.87,NA,NA,NA
"174",2000,"SBC","Spius Creek",0.88,0.12,0.12,NA,NA,NA
"175",2001,"SBC","Spius Creek",0.77,0.23,0.23,NA,NA,NA
"176",1990,"Other","Bulkley River - upper (spring)",0.11,0.89,0.89,NA,NA,NA
"177",1991,"SBC","Coldwater River",0.11,0.89,0.89,NA,NA,NA
"178",1996,"SBC","Coldwater River",0.11,0.89,0.89,NA,NA,NA
"179",1990,"SBC","Nicola River",0.11,0.89,0.89,NA,NA,NA
"180",2007,"SBC","Nicola River",0.1,0.81,0.89010989,NA,NA,NA
"181",1991,"SBC","Chilko River",0.1,0.9,0.9,NA,NA,NA
"182",2011,"SBC","Salmon River (TOMF)",0.1,0.9,0.9,NA,NA,NA
"183",2002,"SBC","Spius Creek",0.38,0.89,0.700787402,NA,NA,NA
"184",1991,"SBC","Salmon River (TOMF)",0.09,0.83,0.902173913,NA,NA,NA
"185",2012,"SBC","Nicola River",0.08,0.8,0.909090909,NA,NA,NA
"186",2015,"Other","Bulkley River - upper (spring)",0.09,0.91,0.91,NA,NA,NA
"187",1984,"SBC","Cheakamus River",0.08,0.85,0.913978495,NA,NA,NA
"188",2005,"SBC","Nanaimo River - summer",0.08,0.88,0.916666667,NA,NA,NA
"189",1989,"SBC","Ashlu Creek",0.08,0.92,0.92,NA,NA,NA
"190",1989,"SBC","Coldwater River",0.08,0.92,0.92,NA,NA,NA
"191",1997,"SBC","Coldwater River",0.08,0.92,0.92,NA,NA,NA
"192",2004,"SBC","Coldwater River",0.08,0.92,0.92,NA,NA,NA
"193",1997,"SBC","Salmon River (TOMF)",0.08,0.92,0.92,NA,NA,NA
"194",1986,"SBC","Ashlu Creek",0.07,0.93,0.93,NA,NA,NA
"195",2003,"SBC","Spius Creek",0.1,0.9,0.9,NA,NA,NA
"196",2004,"SBC","Spius Creek",0.02,0.98,0.98,NA,NA,NA
"197",2013,"SBC","Spius Creek",NA,NA,NA,NA,NA,NA
"198",2004,"SBC","Nicola River",0.06,0.8,0.930232558,NA,NA,NA
"199",2016,"Other","Bulkley River - upper (spring)",0.06,0.94,0.94,NA,NA,NA
"200",1983,"SBC","Nanaimo River - summer",0.06,0.94,0.94,NA,NA,NA
"201",1996,"SBC","Salmon River (TOMF)",0.06,0.94,0.94,NA,NA,NA
"202",1998,"SBC","Salmon River (TOMF)",0.06,0.94,0.94,NA,NA,NA
"203",2014,"SBC","Spius Creek",NA,NA,NA,NA,NA,NA
"204",1997,"SBC","Nicola River",0.05,0.91,0.947916667,NA,NA,NA
"205",1986,"SBC","Nanaimo River - fall",0.05,0.92,0.948453608,NA,NA,NA
"206",2014,"SBC","Nicola River",0.05,0.92,0.948453608,NA,NA,NA
"207",1987,"SBC","Ashlu Creek",0.05,0.95,0.95,NA,NA,NA
"208",1987,"SBC","Coldwater River",0.05,0.95,0.95,NA,NA,NA
"209",1992,"SBC","Coldwater River",0.05,0.95,0.95,NA,NA,NA
"210",1995,"Other","Nusatsum River",0.05,0.95,0.95,NA,NA,NA
"211",2015,"SBC","Spius Creek",NA,NA,NA,NA,NA,NA
"212",1988,"SBC","Nanaimo River - fall",0.04,0.92,0.958333333,NA,NA,NA
"213",1992,"SBC","Chilko River",0.04,0.96,0.96,NA,NA,NA
"214",1989,"SBC","Nanaimo River - fall",0.04,0.96,0.96,NA,NA,NA
"215",1996,"SBC","Nicola River",0.04,0.96,0.96,NA,NA,NA
"216",1988,"SBC","Ashlu Creek",0.03,0.95,0.969387755,NA,NA,NA
"217",1993,"SBC","Chilko River",0.03,0.97,0.97,NA,NA,NA
"218",1986,"SBC","Nanaimo River - summer",0.03,0.97,0.97,NA,NA,NA
"219",2018,"SBC","Chilko River",0.02,0.97,0.97979798,NA,NA,NA
"220",2017,"SBC","Chilko River",0.02,0.98,0.98,NA,NA,NA
"221",1988,"SBC","Coldwater River",0.02,0.98,0.98,NA,NA,NA
"222",2000,"SBC","Coldwater River",0.02,0.98,0.98,NA,NA,NA
"223",2018,"SBC","Spius Creek",NA,NA,NA,NA,NA,NA
"224",1989,"SBC","Chilko River",0.01,0.99,0.99,NA,NA,NA
"225",1990,"SBC","Chilko River",0.01,0.99,0.99,NA,NA,NA
"226",1988,"SBC","Nanaimo River - summer",0.01,0.99,0.99,NA,NA,NA
"227",1993,"SBC","Nanaimo River - summer",0.01,0.99,0.99,NA,NA,NA
"228",1995,"SBC","Chilko River",0,1,1,NA,NA,NA
"229",1987,"SBC","Nanaimo River - fall",0,0.81,1,NA,NA,NA
"230",1984,"SBC","Nanaimo River - summer",0,0.74,1,NA,NA,NA
"231",1987,"SBC","Nanaimo River - summer",0,0.96,1,NA,NA,NA
"232",2012,"SBC","Cheakamus River",NA,NA,NA,NA,NA,NA
"233",2013,"SBC","Cheakamus River",NA,NA,NA,NA,NA,NA
"234",2014,"SBC","Cheakamus River",NA,NA,NA,NA,NA,NA
"235",2015,"SBC","Cheakamus River",NA,NA,NA,NA,NA,NA
"236",2013,"SBC","Chemainus River - fall",NA,NA,NA,NA,NA,NA
"237",2014,"SBC","Chemainus River - fall",NA,NA,NA,NA,NA,NA
"238",2015,"SBC","Chemainus River - fall",NA,NA,NA,NA,NA,NA
"239",2017,"SBC","Chemainus River - fall",NA,NA,NA,NA,NA,NA
"240",2018,"SBC","Chemainus River - fall",NA,NA,NA,NA,NA,NA
"241",2016,"SBC","Chemainus River - fall",NA,NA,NA,NA,NA,NA
"242",2016,"SBC","Chilko River",NA,NA,NA,NA,NA,NA
"243",2013,"SBC","Chilko River",NA,NA,NA,NA,NA,NA
"244",2014,"SBC","Chilko River",NA,NA,NA,NA,NA,NA
"245",2015,"SBC","Chilko River",NA,NA,NA,NA,NA,NA
"246",2013,"SBC","Coldwater River",NA,NA,NA,NA,NA,NA
"247",2014,"SBC","Coldwater River",NA,NA,NA,NA,NA,NA
"248",2015,"SBC","Coldwater River",NA,NA,NA,NA,NA,NA
"249",2018,"SBC","Coldwater River",NA,NA,NA,NA,NA,NA
"250",2011,"SBC","Cypre Creek",NA,NA,NA,NA,NA,NA
"251",2013,"SBC","Cypre Creek",NA,NA,NA,NA,NA,NA
"252",2014,"SBC","Cypre Creek",NA,NA,NA,NA,NA,NA
"253",2015,"SBC","Cypre Creek",NA,NA,NA,NA,NA,NA
"254",2016,"SBC","Cypre Creek",NA,NA,NA,NA,NA,NA
"255",2017,"SBC","Cypre Creek",NA,NA,NA,NA,NA,NA
"256",2018,"SBC","Cypre Creek",NA,NA,NA,NA,NA,NA
"257",2013,"SBC","Englishman River",NA,NA,NA,NA,NA,NA
"258",2014,"SBC","Englishman River",NA,NA,NA,NA,NA,NA
"259",2015,"SBC","Englishman River",NA,NA,NA,NA,NA,NA
"260",2017,"SBC","Englishman River",NA,NA,NA,NA,NA,NA
"261",2018,"SBC","Englishman River",NA,NA,NA,NA,NA,NA
"262",2016,"SBC","Englishman River",NA,NA,NA,NA,NA,NA
"263",2018,"SBC","Gold River",NA,NA,NA,NA,NA,NA
"264",2013,"SBC","Kennedy River",NA,NA,NA,NA,NA,NA
"265",2014,"SBC","Kennedy River",NA,NA,NA,NA,NA,NA
"266",2018,"SBC","Kennedy River",NA,NA,NA,NA,NA,NA
"267",2018,"SBC","Leiner River",NA,NA,NA,NA,NA,NA
"268",2016,"SBC","Mamquam River",NA,NA,NA,NA,NA,NA
"269",2013,"SBC","Mamquam River",NA,NA,NA,NA,NA,NA
"270",2014,"SBC","Mamquam River",NA,NA,NA,NA,NA,NA
"271",2015,"SBC","Mamquam River",NA,NA,NA,NA,NA,NA
"272",1984,"SBC","Nanaimo River - fall",0,0,NA,NA,NA,NA
"273",2016,"SBC","Nimpkish River",NA,NA,NA,NA,NA,NA
"274",2013,"SBC","Nimpkish River",NA,NA,NA,NA,NA,NA
"275",2014,"SBC","Nimpkish River",NA,NA,NA,NA,NA,NA
"276",2015,"SBC","Nimpkish River",NA,NA,NA,NA,NA,NA
"277",2017,"SBC","Nimpkish River",NA,NA,NA,NA,NA,NA
"278",2013,"Other","Nusatsum River",NA,NA,NA,NA,NA,NA
"279",2014,"Other","Nusatsum River",NA,NA,NA,NA,NA,NA
"280",2015,"Other","Nusatsum River",NA,NA,NA,NA,NA,NA
"281",2016,"Other","Nusatsum River",NA,NA,NA,NA,NA,NA
"282",2017,"Other","Nusatsum River",NA,NA,NA,NA,NA,NA
"283",2018,"Other","Nusatsum River",NA,NA,NA,NA,NA,NA
"284",2016,"SBC","Oyster River",NA,NA,NA,NA,NA,NA
"285",2013,"SBC","Oyster River",NA,NA,NA,NA,NA,NA
"286",2014,"SBC","Oyster River",NA,NA,NA,NA,NA,NA
"287",2015,"SBC","Oyster River",NA,NA,NA,NA,NA,NA
"288",2017,"SBC","Oyster River",NA,NA,NA,NA,NA,NA
"289",2018,"SBC","Oyster River",NA,NA,NA,NA,NA,NA
"290",2016,"SBC","Portage Creek",NA,NA,NA,NA,NA,NA
"291",2013,"SBC","Portage Creek",NA,NA,NA,NA,NA,NA
"292",2014,"SBC","Portage Creek",NA,NA,NA,NA,NA,NA
"293",2015,"SBC","Portage Creek",NA,NA,NA,NA,NA,NA
"294",2017,"SBC","Portage Creek",NA,NA,NA,NA,NA,NA
"295",2018,"SBC","Portage Creek",NA,NA,NA,NA,NA,NA
"296",2016,"SBC","Salmon River (JSN)",NA,NA,NA,NA,NA,NA
"297",2013,"SBC","Salmon River (JSN)",NA,NA,NA,NA,NA,NA
"298",2015,"SBC","Salmon River (JSN)",NA,NA,NA,NA,NA,NA
"299",2018,"SBC","Salmon River (JSN)",NA,NA,NA,NA,NA,NA
"300",1994,"SBC","Salmon River (TOMF)",NA,NA,NA,NA,NA,NA
"301",2013,"SBC","Salmon River (TOMF)",NA,NA,NA,NA,NA,NA
"302",2013,"SBC","Salmon River (TOMF)",NA,NA,NA,NA,NA,NA
"303",2014,"SBC","Salmon River (TOMF)",NA,NA,NA,NA,NA,NA
"304",2018,"SBC","Salmon River (TOMF)",NA,NA,NA,NA,NA,NA
"305",2016,"SBC","San Juan River",NA,NA,NA,NA,NA,NA
"306",2013,"SBC","San Juan River",NA,NA,NA,NA,NA,NA
"307",2018,"SBC","San Juan River",NA,NA,NA,NA,NA,NA
"308",2018,"SBC","Tahsis River",NA,NA,NA,NA,NA,NA
"309",2016,"SBC","Tlupana River",NA,NA,NA,NA,NA,NA
"310",2013,"SBC","Tlupana River",NA,NA,NA,NA,NA,NA
"311",2014,"SBC","Tlupana River",NA,NA,NA,NA,NA,NA
"312",2015,"SBC","Tlupana River",NA,NA,NA,NA,NA,NA
"313",2017,"SBC","Tlupana River",NA,NA,NA,NA,NA,NA
"314",2018,"SBC","Tlupana River",NA,NA,NA,NA,NA,NA
"315",2013,"SBC","Toquart River",NA,NA,NA,NA,NA,NA
"316",2014,"SBC","Toquart River",NA,NA,NA,NA,NA,NA
"317",2017,"SBC","Toquart River",NA,NA,NA,NA,NA,NA
"318",2018,"SBC","Toquart River",NA,NA,NA,NA,NA,NA
"319",2011,"SBC","Tranquil Creek",NA,NA,NA,NA,NA,NA
"320",2013,"SBC","Tranquil Creek",NA,NA,NA,NA,NA,NA
"321",2014,"SBC","Tranquil Creek",NA,NA,NA,NA,NA,NA
"322",2015,"SBC","Tranquil Creek",NA,NA,NA,NA,NA,NA
"323",2016,"SBC","Tranquil Creek",NA,NA,NA,NA,NA,NA
"324",2017,"SBC","Tranquil Creek",NA,NA,NA,NA,NA,NA
"325",2018,"SBC","Tranquil Creek",NA,NA,NA,NA,NA,NA
"326",2013,"SBC","Ashlu Creek",NA,NA,NA,NA,NA,NA
"327",2014,"SBC","Ashlu Creek",NA,NA,NA,NA,NA,NA
"328",2015,"SBC","Ashlu Creek",NA,NA,NA,NA,NA,NA
"329",2017,"SBC","Ashlu Creek",NA,NA,NA,NA,NA,NA
"330",2016,"SBC","Ashlu Creek",NA,NA,NA,NA,NA,NA
"331",2013,"SBC","Bedwell River",NA,NA,NA,NA,NA,NA
"332",2010,"SBC","Englishman River",NA,NA,NA,0,1,1
"333",2006,"SBC","Nanaimo River - fall",0.38,0.54,0.586956522,0,1,1
"334",2018,"SBC","Bedwell River",0.37,0.92,0.713178295,0,0.97,1
"335",2004,"SBC","Nanaimo River - summer",0.23,0.77,0.77,0,1,1
"336",2015,"SBC","Kennedy River",NA,NA,NA,0,1,1
"337",2016,"SBC","Kennedy River",NA,NA,NA,0,1,1
"338",2017,"SBC","Kennedy River",NA,NA,NA,0,1,1
"339",2006,"SBC","Nanaimo River - summer",NA,NA,NA,0,1,1
"340",2006,"SBC","Salmon River (JSN)",NA,NA,NA,0,1,1
"341",2014,"SBC","Bedwell River",NA,NA,NA,0,1,1
"342",2005,"SBC","Tahsis River",NA,NA,NA,0,1,1
"343",2014,"SBC","Tahsis River",NA,NA,NA,0,1,1
"344",2008,"SBC","San Juan River",NA,NA,NA,0.01,0.99,0.99
"345",2004,"SBC","Kennedy River",NA,NA,NA,0.02,0.98,0.98
"346",2004,"SBC","Nanaimo River - fall",0.67,0.35,0.343137255,0.03,0.97,0.97
"347",2012,"SBC","San Juan River",NA,NA,NA,0.03,0.97,0.97
"348",2016,"SBC","Toquart River",NA,NA,NA,0.05,0.95,0.95
"349",2007,"SBC","Salmon River (JSN)",NA,NA,NA,0.06,0.94,0.94
"350",2004,"SBC","Tahsis River",NA,NA,NA,0.06,0.94,0.94
"351",2015,"SBC","Toquart River",NA,NA,NA,0.07,0.93,0.93
"352",2017,"SBC","Bedwell River",NA,NA,NA,0.09,0.91,0.91
"353",2007,"SBC","Nanaimo River - summer",NA,NA,NA,0.12,0.88,0.88
"354",2009,"SBC","Gold River",NA,NA,NA,0.14,0.86,0.86
"355",2016,"SBC","Gold River",NA,NA,NA,0.86,0.14,0.86
"356",2008,"SBC","Salmon River (JSN)",NA,NA,NA,0.14,0.86,0.86
"357",2009,"SBC","Salmon River (JSN)",NA,NA,NA,0.14,0.86,0.86
"358",2010,"SBC","Tahsis River",NA,NA,NA,0.14,0.86,0.86
"359",2017,"SBC","Salmon River (TOMF)",NA,NA,NA,0.17,0.83,0.83
"360",2015,"SBC","Nanaimo River - summer",NA,NA,NA,0.18,0.82,0.82
"361",2006,"SBC","Tahsis River",NA,NA,NA,0.18,0.82,0.82
"362",2017,"SBC","Nanaimo River - summer",NA,NA,NA,0.19,0.81,0.81
"363",2015,"SBC","Bedwell River",0.4,0.6,0.6,0.2,0.8,0.8
"364",2012,"SBC","Sooke River",NA,NA,NA,0.2,0.8,0.8
"365",2014,"SBC","Leiner River",NA,NA,NA,0.23,0.77,0.77
"366",2014,"SBC","Salmon River (JSN)",NA,NA,NA,0.24,0.76,0.76
"367",2016,"SBC","Nanaimo River - summer",NA,NA,NA,0.25,0.75,0.75
"368",2016,"SBC","Bedwell River",NA,NA,NA,0.25,0.75,0.75
"369",2015,"SBC","Gold River",NA,NA,NA,0.74,0.26,0.74
"370",2017,"SBC","Leiner River",NA,NA,NA,0.74,0.26,0.74
"371",2005,"SBC","Sooke River",NA,NA,NA,0.26,0.74,0.74
"372",2009,"SBC","Nanaimo River - summer",NA,NA,NA,0.27,0.73,0.73
"373",2017,"SBC","Coldwater River",NA,NA,NA,0.29,0.71,0.71
"374",2017,"SBC","Gold River",NA,NA,NA,0.71,0.29,0.71
"375",2008,"SBC","Nanaimo River - summer",NA,NA,NA,0.3,0.7,0.7
"376",2017,"SBC","Salmon River (JSN)",NA,NA,NA,0.3,0.7,0.7
"377",2016,"SBC","Coldwater River",NA,NA,NA,0.31,0.69,0.69
"378",2010,"SBC","Salmon River (JSN)",NA,NA,NA,0.31,0.69,0.69
"379",2019,"SBC","Bedwell River",NA,NA,NA,0.32,0.68,0.68
"380",2012,"SBC","Salmon River (JSN)",NA,NA,NA,0.34,0.66,0.66
"381",2015,"SBC","Salmon River (TOMF)",NA,NA,NA,0.37,0.63,0.63
"382",2018,"SBC","Nanaimo River - summer",NA,NA,NA,0.39,0.61,0.61
"383",2018,"SBC","Nimpkish River",NA,NA,NA,0.39,0.61,0.61
"384",2009,"SBC","Leiner River",NA,NA,NA,0.4,0.6,0.6
"385",2010,"SBC","Nanaimo River - summer",NA,NA,NA,0.44,0.56,0.56
"386",2006,"SBC","Sooke River",NA,NA,NA,0.44,0.56,0.56
"387",2008,"SBC","Sooke River",NA,NA,NA,0.44,0.56,0.56
"388",2011,"SBC","Nanaimo River - summer",NA,NA,NA,0.48,0.52,0.52
"389",2014,"SBC","Nanaimo River - summer",NA,NA,NA,0.48,0.52,0.52
"390",2017,"SBC","Spius Creek",NA,NA,NA,0.49,0.51,0.51
"391",2013,"SBC","Leiner River",NA,NA,NA,0.5,0.5,0.5
"392",2007,"SBC","Nanaimo River - fall",0.18,0.51,0.739130435,0.51,0.49,0.49
"393",2004,"SBC","Gold River",NA,NA,NA,0.52,0.48,0.48
"394",2012,"SBC","Nanaimo River - summer",NA,NA,NA,0.54,0.46,0.46
"395",2016,"SBC","Salmon River (TOMF)",NA,NA,NA,0.58,0.42,0.42
"396",2017,"SBC","Tahsis River",NA,NA,NA,0.58,0.42,0.42
"397",2017,"SBC","San Juan River",0.05,0.91,0.947916667,0.59,0.41,0.41
"398",2018,"SBC","Nanaimo River - fall",NA,NA,NA,0.59,0.41,0.41
"399",2009,"SBC","Englishman River",NA,NA,NA,0.4,0.6,0.4
"400",2016,"SBC","Nanaimo River - fall",NA,NA,NA,0.6,0.4,0.4
"401",2004,"SBC","Sucwoa River",NA,NA,NA,0.6,0.4,0.4
"402",2015,"SBC","Tahsis River",NA,NA,NA,0.6,0.4,0.4
"403",2008,"SBC","Nanaimo River - fall",0.17,0.78,0.821052632,0.61,0.39,0.39
"404",2015,"SBC","Nanaimo River - fall",NA,NA,NA,0.62,0.38,0.38
"405",2015,"SBC","Leiner River",NA,NA,NA,0.63,0.37,0.37
"406",2011,"SBC","Sooke River",NA,NA,NA,0.63,0.37,0.37
"407",2017,"SBC","Nanaimo River - fall",NA,NA,NA,0.68,0.32,0.32
"408",2013,"SBC","Gold River",NA,NA,NA,0.7,0.3,0.3
"409",2014,"SBC","Gold River",NA,NA,NA,0.7,0.3,0.3
"410",2012,"SBC","Nanaimo River - fall",NA,NA,NA,0.7,0.3,0.3
"411",2012,"SBC","Gold River",NA,NA,NA,0.71,0.29,0.29
"412",2005,"SBC","Sucwoa River",NA,NA,NA,0.71,0.29,0.29
"413",2004,"SBC","San Juan River",NA,NA,NA,0.67,0.27,0.287234043
"414",2016,"SBC","Spius Creek",NA,NA,NA,0.72,0.28,0.28
"415",2008,"SBC","Englishman River",NA,NA,NA,0.27,0.73,0.27
"416",2016,"SBC","Tahsis River",NA,NA,NA,0.73,0.27,0.27
"417",2015,"SBC","Sooke River",NA,NA,NA,0.74,0.26,0.26
"418",2017,"SBC","Sooke River",NA,NA,NA,0.74,0.26,0.26
"419",2013,"SBC","Tahsis River",NA,NA,NA,0.75,0.25,0.25
"420",2013,"SBC","Nanaimo River - summer",NA,NA,NA,0.77,0.23,0.23
"421",2000,"SBC","Sarita River",NA,NA,NA,0.76,0.22,0.224489796
"422",2009,"SBC","Sarita River",NA,NA,NA,0.78,0.22,0.22
"423",2014,"SBC","Nanaimo River - fall",NA,NA,NA,0.79,0.21,0.21
"424",2008,"SBC","Tahsis River",NA,NA,NA,0.79,0.21,0.21
"425",1999,"SBC","Sarita River",0.76,0.24,0.24,0.8,0.2,0.2
"426",2012,"SBC","Leiner River",NA,NA,NA,0.81,0.19,0.19
"427",2016,"SBC","Leiner River",NA,NA,NA,0.81,0.19,0.19
"428",2016,"SBC","Sooke River",NA,NA,NA,0.81,0.19,0.19
"429",1998,"SBC","Sarita River",0.69,0.31,0.31,0.81,0.18,0.181818182
"430",2012,"SBC","Sarita River",0.08,0.92,0.92,0.82,0.18,0.18
"431",2010,"SBC","Nanaimo River - fall",NA,NA,NA,0.82,0.18,0.18
"432",2015,"SBC","San Juan River",NA,NA,NA,0.82,0.18,0.18
"433",2009,"SBC","Tahsis River",NA,NA,NA,0.82,0.18,0.18
"434",2012,"SBC","Sucwoa River",NA,NA,NA,0.83,0.17,0.17
"435",1997,"SBC","Sarita River",0.17,0.83,0.83,0.84,0.16,0.16
"436",2011,"SBC","Nanaimo River - fall",NA,NA,NA,0.84,0.16,0.16
"437",2013,"SBC","Nanaimo River - fall",NA,NA,NA,0.85,0.15,0.15
"438",2017,"SBC","Sarita River",NA,NA,NA,0.85,0.15,0.15
"439",2009,"SBC","Nanaimo River - fall",NA,NA,NA,0.86,0.14,0.14
"440",2015,"SBC","Sarita River",NA,NA,NA,0.86,0.14,0.14
"441",2001,"SBC","Sarita River",NA,NA,NA,0.87,0.13,0.13
"442",2002,"SBC","Sarita River",0.86,0.14,0.14,0.88,0.12,0.12
"443",2008,"SBC","Sarita River",NA,NA,NA,0.88,0.12,0.12
"444",2014,"SBC","Sooke River",NA,NA,NA,0.88,0.12,0.12
"445",2004,"SBC","Sarita River",0.37,0.63,0.63,0.89,0.11,0.11
"446",2011,"SBC","Gold River",NA,NA,NA,0.9,0.1,0.1
"447",2005,"SBC","Sarita River",NA,NA,NA,0.9,0.1,0.1
"448",2016,"SBC","Sarita River",NA,NA,NA,0.9,0.1,0.1
"449",2014,"SBC","San Juan River",NA,NA,NA,0.91,0.09,0.09
"450",2003,"SBC","Sarita River",0.64,0.36,0.36,0.91,0.09,0.09
"451",2010,"SBC","Sarita River",NA,NA,NA,0.91,0.09,0.09
"452",2011,"SBC","Sarita River",0.13,0.87,0.87,0.92,0.08,0.08
"453",2006,"SBC","Sarita River",NA,NA,NA,0.93,0.07,0.07
"454",2010,"SBC","Sucwoa River",NA,NA,NA,0.94,0.06,0.06
"455",2007,"SBC","Sarita River",NA,NA,NA,0.97,0.03,0.03
"456",2002,"SBC","Sucwoa River",NA,NA,NA,1,0,0
"457",1996,"SBC","Sarita River",1,0,0,NA,NA,NA
"458",2013,"SBC","Sarita River",0.25,0.76,0.752475248,NA,NA,NA
"459",2014,"SBC","Sarita River",0.07,0.93,0.93,NA,NA,NA
"460",2018,"SBC","Sarita River",0,0.93,1,NA,NA,NA
"461",2013,"SBC","Shovelnose Creek",NA,NA,NA,NA,NA,NA
"462",2014,"SBC","Shovelnose Creek",NA,NA,NA,NA,NA,NA
"463",2015,"SBC","Shovelnose Creek",NA,NA,NA,NA,NA,NA
